{
  "cacheBootResources": true,
  "config": [ ],
  "debugBuild": false,
  "entryAssembly": "WebAssmNClass",
  "icuDataMode": 0,
  "linkerEnabled": true,
  "resources": {
    "assembly": {
      "LogicClassLib.dll": "sha256-hWw4sOWr6EO92KJo+1VP7QhReBoCfQX8\/BozWvBZYa8=",
      "Microsoft.AspNetCore.Components.dll": "sha256-8HxdAY6g6G3dJGl1U0Z4ig6IOFChcurLkmAZCLv\/10Y=",
      "Microsoft.AspNetCore.Components.Web.dll": "sha256-0aR4Y1cN4iPqfEadyUaDtu2btR5SjzMAE0C7cPfuo1w=",
      "Microsoft.AspNetCore.Components.WebAssembly.dll": "sha256-hItIMIcIumfGi1q3IylwSEfpyLuK1QShnYCDeXYXF+M=",
      "Microsoft.Extensions.Configuration.Abstractions.dll": "sha256-zhFtW4kE16TdrpPne9I1Cu9o0KYzrS50VE9MVSifJg4=",
      "Microsoft.Extensions.Configuration.dll": "sha256-QPR+1IXNcA28b\/gXw3uZ8aRigHIZUJ1KWSH02kkCg7Q=",
      "Microsoft.Extensions.Configuration.Json.dll": "sha256-fF3xaP+hT6R3GYUctLIY1ixaXQ8mrHzwWHHf2dKfueU=",
      "Microsoft.Extensions.DependencyInjection.Abstractions.dll": "sha256-u27ai34x5Kgqkc1MB1vZQACR6PI\/ycmzYDDxjbxtA6g=",
      "Microsoft.Extensions.DependencyInjection.dll": "sha256-pYDNELbgbO60zgvgH5SP8004wkA0+o\/KlQxFXl\/uS2A=",
      "Microsoft.Extensions.Logging.Abstractions.dll": "sha256-sb0qnPPjHcm1e3ipvksd0L7gQWmMvWdn7xmUkp+Cqzk=",
      "Microsoft.Extensions.Logging.dll": "sha256-aj8Tk1BLrOE4y41oBvw\/VGDdmvACVEpGmiEDNrA7Hco=",
      "Microsoft.Extensions.Options.dll": "sha256-eZmnmowgP5leOxVRX6H1YZim4pQMB8QipOnBJ2aowWU=",
      "Microsoft.Extensions.Primitives.dll": "sha256-YColTWA58whC+8aBjv1O7HgsyYrbHTba601EkNDWAlo=",
      "Microsoft.JSInterop.dll": "sha256-tqur+VdhS2e4P3zFN\/LQRUkg3JCZbQrKp+NSER4gNbw=",
      "Microsoft.JSInterop.WebAssembly.dll": "sha256-JnYE3PacT+0TrHdA2lIvLkQwSgtLQlRYc+tzxGVgpOM=",
      "System.Collections.Concurrent.dll": "sha256-lgc3AY6QxGIpEerdza6uSJnWz7P1hVxN+0OsWJU7c3M=",
      "System.Collections.dll": "sha256-MJAsO6lhgwPUUSdgtfkQ+qtxnvJgLgr1tIbVDjTCLiQ=",
      "System.ComponentModel.dll": "sha256-Y7QpEAr46iJCel\/8FN7AMtoGLP6XzUGaef+1VzWxE\/0=",
      "System.Memory.dll": "sha256-UokuFozSuCoaLbJ3EkT84XsrUyATeQOWd7PPF6xKE2M=",
      "System.Net.Http.dll": "sha256-RHY25UsBGJp2vUCKo6ZaAeKTbOat4yJYROQw3ebq6Cw=",
      "System.Net.Http.Json.dll": "sha256-SAzm43PC0NGBzUZvSKZhALtbVFv840PKkcc5m\/F8Fh4=",
      "System.Net.Primitives.dll": "sha256-e+Tz1hoYoHKvs3YUQVDZYk6LmlZyP49xGfF8snC25ik=",
      "System.Private.CoreLib.dll": "sha256-TwHLTNhYAP1tP0zpQ2NPyeKxe5e3Nn7V5\/QAyQBBODU=",
      "System.Private.Runtime.InteropServices.JavaScript.dll": "sha256-Tjpaise0TkDrv13BM0rRyVpImvGGQXNqiuRHBW\/XzKE=",
      "System.Private.Uri.dll": "sha256-w50rcAvcA+zY+7SnidHiVMQcjS2AM8mAaoXI1GXfd9o=",
      "System.Runtime.CompilerServices.Unsafe.dll": "sha256-cQEZqPkNrd7HTrrx23l85M\/huEj+FOsWEcU3UTPcjxg=",
      "System.Runtime.dll": "sha256-kugBmJPzencs3FXCLDRTb\/FIUWZz0Iv8eCl0d7keTBk=",
      "System.Text.Encodings.Web.dll": "sha256-YDdw97yEeGERivHPm7zTAX9p\/X\/guaJ8M7gADPmnXBw=",
      "System.Text.Json.dll": "sha256-4snuAs8OT4MX\/x3tQkW+ZFv4iP\/MznhEZ5uDx\/mBrg8=",
      "WebAssmNClass.dll": "sha256-kT7u+61Q+CoHNSEQ2nXEaL77oMbF2JhQ5tZYIO\/rW9I="
    },
    "extensions": null,
    "lazyAssembly": null,
    "libraryInitializers": null,
    "pdb": null,
    "runtime": {
      "dotnet.6.0.8.u6n17i6kat.js": "sha256-WT60vnXnQtCNURE40qo+XSL1o4iYFvABy0NVaFhm7MI=",
      "dotnet.timezones.blat": "sha256-2NJf++ql6UnbRRdYWEir6MxH58bYGWDEqofII\/z+Xmo=",
      "dotnet.wasm": "sha256-y0gwhQ7a6FTinj6R6HEA3SlRDb\/iL70a56PEGpKbt\/8=",
      "icudt.dat": "sha256-Zuq0dWAsBm6\/2lSOsz7+H9PvFaRn61KIXHMMwXDfvyE=",
      "icudt_CJK.dat": "sha256-WPyI4hWDPnOw62Nr27FkzGjdbucZnQD+Ph+GOPhAedw=",
      "icudt_EFIGS.dat": "sha256-4RwaPx87Z4dvn77ie\/ro3\/QzyS+\/gGmO3Y\/0CSAXw4k=",
      "icudt_no_CJK.dat": "sha256-OxylFgLJlFqixsj+nLxYVsv5iZLvfIKMpLf9hrWaChA="
    },
    "satelliteResources": null
  }
}